Attribution Method,Group,Ensemble,Attribution Unchanged,Attribution Changed,Attribution Unchanged (Random),Attribution Changed (Random)
Euclidean Distance,MNIST,MNIST_TRJ_324,4,1020,443,581
Euclidean Distance,MNIST,MNIST_TRJ_361,9,1015,440,584
Euclidean Distance,MNIST,MNIST_TRJ_400,6,1018,454,570
Euclidean Distance,MNIST,MNIST_TRJ_441,10,1014,467,557
Euclidean Distance,MNIST,MNIST_TRJ_484,14,1010,464,560
Euclidean Distance,MNIST,MNIST_TRJ_529,11,1013,444,580
Euclidean Distance,MNIST,MNIST_TRJ_576,10,1014,474,550
Euclidean Distance,MNIST,MNIST_TRJ_625,10,1014,454,570
Euclidean Distance,MNIST,MNIST_TRJ_676,24,1000,480,544
Euclidean Distance,MNIST,MNIST_TRJ_729,22,1002,487,537
Euclidean Distance,MNIST,MNIST_TRJ_784,27,997,491,533
Euclidean Distance,MNIST,MNIST_TRJ_841,37,987,461,563
Euclidean Distance,MNIST,MNIST_TRJ_900,46,978,527,497
Euclidean Distance,MNIST,MNIST_TRJ_961,44,980,500,524
Euclidean Distance,MNIST,MNIST_TRJ_1024,64,960,530,494
Euclidean Distance,MNIST,MNIST_TRJ_1089,78,946,506,518
Euclidean Distance,MNIST,MNIST_TRJ_1156,83,941,514,510
Euclidean Distance,MNIST,MNIST_TRJ_1225,84,940,547,477
Euclidean Distance,MNIST,MNIST_TRJ_1296,102,922,542,482
Euclidean Distance,MNIST,MNIST_TRJ_1369,130,894,544,480
Euclidean Distance,MNIST,MNIST_TRJ_1444,125,899,550,474
Euclidean Distance,MNIST,MNIST_TRJ_1521,182,842,562,462
Euclidean Distance,MNIST,MNIST_TRJ_1600,193,831,588,436
Euclidean Distance,MNIST,MNIST_TRJ_1681,218,806,590,434
Euclidean Distance,MNIST,MNIST_TRJ_1764,239,785,592,432
Euclidean Distance,MNIST,MNIST_TRJ_1849,260,764,602,422
Euclidean Distance,MNIST,MNIST_TRJ_1936,286,738,609,415
Euclidean Distance,MNIST,MNIST_TRJ_2025,325,699,633,391
Euclidean Distance,MNIST,MNIST_TRJ_2116,342,682,627,397
Euclidean Distance,MNIST,MNIST_TRJ_2209,383,641,628,396
Euclidean Distance,MNIST,MNIST_TRJ_2304,414,610,652,372
Euclidean Distance,MNIST,MNIST_TRJ_2401,429,595,634,390
Euclidean Distance,MNIST,MNIST_TRJ_2500,437,587,653,371
Euclidean Distance,MNIST,MNIST_TRJ_2601,480,544,674,350
Euclidean Distance,MNIST,MNIST_TRJ_2704,474,550,651,373
Euclidean Distance,MNIST,MNIST_TRJ_2809,492,532,665,359
Euclidean Distance,MNIST,MNIST_TRJ_2916,522,502,672,352
Euclidean Distance,MNIST,MNIST_TRJ_3025,526,498,674,350
Euclidean Distance,MNIST,MNIST_TRJ_3136,515,509,679,345
Euclidean Distance,MNIST,MNIST_TRJ_3249,542,482,662,362
Euclidean Distance,MNIST,MNIST_TRJ_3364,543,481,684,340
Euclidean Distance,MNIST,MNIST_TRJ_3481,522,502,629,395
Euclidean Distance,MNIST,MNIST_TRJ_3600,574,450,687,337
Euclidean Distance,MNIST,MNIST_TRJ_3721,559,465,667,357
Euclidean Distance,MNIST,MNIST_TRJ_3844,587,437,663,361
Euclidean Distance,MNIST,MNIST_TRJ_3969,580,444,658,366
Euclidean Distance,MNIST,MNIST_TRJ_4096,576,448,651,373
Euclidean Distance,MNIST,MNIST_TRJ_4225,597,427,671,353
Euclidean Distance,MNIST,MNIST_TRJ_4356,594,430,672,352
Euclidean Distance,MNIST,MNIST_TRJ_4489,580,444,678,346
Euclidean Distance,MNIST,MNIST_TRJ_4624,617,407,684,340
Euclidean Distance,MNIST,MNIST_TRJ_4761,594,430,698,326
Euclidean Distance,MNIST,MNIST_TRJ_4900,646,378,698,326
Euclidean Distance,MNIST,MNIST_TRJ_5041,631,393,686,338
Euclidean Distance,MNIST,MNIST_TRJ_5184,653,371,711,313
Euclidean Distance,MNIST,MNIST_TRJ_5329,636,388,663,361
Euclidean Distance,MNIST,MNIST_TRJ_5476,646,378,701,323
Euclidean Distance,MNIST,MNIST_TRJ_5625,638,386,658,366
Euclidean Distance,MNIST,MNIST_TRJ_5776,633,391,686,338
Euclidean Distance,MNIST,MNIST_TRJ_5929,644,380,681,343
Euclidean Distance,MNIST,MNIST_TRJ_6084,647,377,691,333
Euclidean Distance,MNIST,MNIST_TRJ_6241,646,378,692,332
Euclidean Distance,FASHION,FASHION_TRJ_324,20,1004,457,567
Euclidean Distance,FASHION,FASHION_TRJ_361,42,982,431,593
Euclidean Distance,FASHION,FASHION_TRJ_400,48,976,483,541
Euclidean Distance,FASHION,FASHION_TRJ_441,41,983,425,599
Euclidean Distance,FASHION,FASHION_TRJ_484,79,945,456,568
Euclidean Distance,FASHION,FASHION_TRJ_529,58,966,403,621
Euclidean Distance,FASHION,FASHION_TRJ_576,92,932,417,607
Euclidean Distance,FASHION,FASHION_TRJ_625,115,909,500,524
Euclidean Distance,FASHION,FASHION_TRJ_676,117,907,475,549
Euclidean Distance,FASHION,FASHION_TRJ_729,144,880,500,524
Euclidean Distance,FASHION,FASHION_TRJ_784,168,856,507,517
Euclidean Distance,FASHION,FASHION_TRJ_841,191,833,543,481
Euclidean Distance,FASHION,FASHION_TRJ_900,195,829,467,557
Euclidean Distance,FASHION,FASHION_TRJ_961,187,837,499,525
Euclidean Distance,FASHION,FASHION_TRJ_1024,249,775,528,496
Euclidean Distance,FASHION,FASHION_TRJ_1089,231,793,485,539
Euclidean Distance,FASHION,FASHION_TRJ_1156,268,756,557,467
Euclidean Distance,FASHION,FASHION_TRJ_1225,296,728,529,495
Euclidean Distance,FASHION,FASHION_TRJ_1296,340,684,541,483
Euclidean Distance,FASHION,FASHION_TRJ_1369,376,648,556,468
Euclidean Distance,FASHION,FASHION_TRJ_1444,337,687,509,515
Euclidean Distance,FASHION,FASHION_TRJ_1521,373,651,544,480
Euclidean Distance,FASHION,FASHION_TRJ_1600,400,624,552,472
Euclidean Distance,FASHION,FASHION_TRJ_1681,439,585,581,443
Euclidean Distance,FASHION,FASHION_TRJ_1764,410,614,550,474
Euclidean Distance,FASHION,FASHION_TRJ_1849,415,609,528,496
Euclidean Distance,FASHION,FASHION_TRJ_1936,428,596,517,507
Euclidean Distance,FASHION,FASHION_TRJ_2025,489,535,579,445
Euclidean Distance,FASHION,FASHION_TRJ_2116,503,521,574,450
Euclidean Distance,FASHION,FASHION_TRJ_2209,489,535,551,473
Euclidean Distance,FASHION,FASHION_TRJ_2304,542,482,600,424
Euclidean Distance,FASHION,FASHION_TRJ_2401,499,525,567,457
Euclidean Distance,FASHION,FASHION_TRJ_2500,489,535,560,464
Euclidean Distance,FASHION,FASHION_TRJ_2601,524,500,581,443
Euclidean Distance,FASHION,FASHION_TRJ_2704,508,516,581,443
Euclidean Distance,FASHION,FASHION_TRJ_2809,473,551,513,511
Euclidean Distance,FASHION,FASHION_TRJ_2916,528,496,602,422
Euclidean Distance,FASHION,FASHION_TRJ_3025,433,591,493,531
Euclidean Distance,FASHION,FASHION_TRJ_3136,436,588,507,517
Euclidean Distance,FASHION,FASHION_TRJ_3249,519,505,571,453
Euclidean Distance,FASHION,FASHION_TRJ_3364,506,518,522,502
Euclidean Distance,FASHION,FASHION_TRJ_3481,452,572,500,524
Euclidean Distance,FASHION,FASHION_TRJ_3600,508,516,579,445
Euclidean Distance,FASHION,FASHION_TRJ_3721,504,520,541,483
Euclidean Distance,FASHION,FASHION_TRJ_3844,559,465,542,482
Euclidean Distance,FASHION,FASHION_TRJ_3969,517,507,569,455
Euclidean Distance,FASHION,FASHION_TRJ_4096,529,495,568,456
Euclidean Distance,FASHION,FASHION_TRJ_4225,504,520,523,501
Euclidean Distance,FASHION,FASHION_TRJ_4356,523,501,552,472
Euclidean Distance,FASHION,FASHION_TRJ_4489,480,544,522,502
Euclidean Distance,FASHION,FASHION_TRJ_4624,505,519,538,486
Euclidean Distance,FASHION,FASHION_TRJ_4761,505,519,543,481
Euclidean Distance,FASHION,FASHION_TRJ_4900,501,523,537,487
Euclidean Distance,FASHION,FASHION_TRJ_5041,506,518,566,458
Euclidean Distance,FASHION,FASHION_TRJ_5184,491,533,522,502
Euclidean Distance,FASHION,FASHION_TRJ_5329,518,506,543,481
Euclidean Distance,FASHION,FASHION_TRJ_5476,414,610,439,585
Euclidean Distance,FASHION,FASHION_TRJ_5625,547,477,545,479
Euclidean Distance,FASHION,FASHION_TRJ_5776,515,509,525,499
Euclidean Distance,FASHION,FASHION_TRJ_5929,527,497,539,485
Euclidean Distance,FASHION,FASHION_TRJ_6084,503,521,511,513
Euclidean Distance,FASHION,FASHION_TRJ_6241,511,513,532,492
Euclidean Distance,OTHER,MNIST_256,0,100,52,48
Euclidean Distance,OTHER,MNIST_512,4,96,50,50
Euclidean Distance,OTHER,MNIST_1024,8,92,52,48
Euclidean Distance,OTHER,MNIST_2048,27,73,60,40
Euclidean Distance,OTHER,MNIST_4096,61,39,62,38
Euclidean Distance,OTHER,MNIST_8192,69,31,71,29
Euclidean Distance,OTHER,FASHION_256,3,97,49,51
Euclidean Distance,OTHER,FASHION_512,11,89,53,47
Euclidean Distance,OTHER,FASHION_1024,24,76,54,46
Euclidean Distance,OTHER,FASHION_2048,41,59,63,37
Euclidean Distance,OTHER,FASHION_4096,46,54,51,49
Euclidean Distance,OTHER,FASHION_8192,52,48,60,40
Euclidean Distance,OTHER,CIFAR10_500,0,100,42,58
Euclidean Distance,OTHER,CIFAR10_50000,71,29,70,30
Euclidean Distance,OTHER,CIFAR100_500,2,98,40,60
Euclidean Distance,OTHER,CIFAR100_50000,67,33,58,42
Euclidean Distance,OTHER,CELEBA_SD_32,2,98,51,49
Euclidean Distance,OTHER,CELEBA_SD_512,18,82,53,47
Euclidean Distance,OTHER,CELEBA_SD_8192,65,35,63,37
Euclidean Distance,OTHER,CELEBA_BA_32,1,99,46,54
Euclidean Distance,OTHER,CELEBA_BA_512,20,80,59,41
Euclidean Distance,OTHER,CELEBA_BA_8192,66,34,63,37
Euclidean Distance,OTHER,METFACES,21,79,41,59
Euclidean Distance,OTHER,ARTBENCH,71,29,66,34
OpenCLIP,MNIST,MNIST_TRJ_324,114,910,314,710
OpenCLIP,MNIST,MNIST_TRJ_361,118,906,347,677
OpenCLIP,MNIST,MNIST_TRJ_400,118,906,333,691
OpenCLIP,MNIST,MNIST_TRJ_441,120,904,369,655
OpenCLIP,MNIST,MNIST_TRJ_484,142,882,387,637
OpenCLIP,MNIST,MNIST_TRJ_529,156,868,359,665
OpenCLIP,MNIST,MNIST_TRJ_576,144,880,359,665
OpenCLIP,MNIST,MNIST_TRJ_625,150,874,364,660
OpenCLIP,MNIST,MNIST_TRJ_676,184,840,365,659
OpenCLIP,MNIST,MNIST_TRJ_729,176,848,354,670
OpenCLIP,MNIST,MNIST_TRJ_784,179,845,374,650
OpenCLIP,MNIST,MNIST_TRJ_841,172,852,372,652
OpenCLIP,MNIST,MNIST_TRJ_900,227,797,389,635
OpenCLIP,MNIST,MNIST_TRJ_961,198,826,367,657
OpenCLIP,MNIST,MNIST_TRJ_1024,207,817,402,622
OpenCLIP,MNIST,MNIST_TRJ_1089,222,802,410,614
OpenCLIP,MNIST,MNIST_TRJ_1156,237,787,396,628
OpenCLIP,MNIST,MNIST_TRJ_1225,284,740,417,607
OpenCLIP,MNIST,MNIST_TRJ_1296,268,756,400,624
OpenCLIP,MNIST,MNIST_TRJ_1369,290,734,378,646
OpenCLIP,MNIST,MNIST_TRJ_1444,315,709,438,586
OpenCLIP,MNIST,MNIST_TRJ_1521,315,709,405,619
OpenCLIP,MNIST,MNIST_TRJ_1600,338,686,460,564
OpenCLIP,MNIST,MNIST_TRJ_1681,362,662,427,597
OpenCLIP,MNIST,MNIST_TRJ_1764,369,655,446,578
OpenCLIP,MNIST,MNIST_TRJ_1849,337,687,441,583
OpenCLIP,MNIST,MNIST_TRJ_1936,367,657,452,572
OpenCLIP,MNIST,MNIST_TRJ_2025,371,653,436,588
OpenCLIP,MNIST,MNIST_TRJ_2116,377,647,438,586
OpenCLIP,MNIST,MNIST_TRJ_2209,391,633,468,556
OpenCLIP,MNIST,MNIST_TRJ_2304,404,620,453,571
OpenCLIP,MNIST,MNIST_TRJ_2401,407,617,455,569
OpenCLIP,MNIST,MNIST_TRJ_2500,375,649,465,559
OpenCLIP,MNIST,MNIST_TRJ_2601,417,607,470,554
OpenCLIP,MNIST,MNIST_TRJ_2704,417,607,458,566
OpenCLIP,MNIST,MNIST_TRJ_2809,397,627,423,601
OpenCLIP,MNIST,MNIST_TRJ_2916,446,578,468,556
OpenCLIP,MNIST,MNIST_TRJ_3025,413,611,475,549
OpenCLIP,MNIST,MNIST_TRJ_3136,418,606,445,579
OpenCLIP,MNIST,MNIST_TRJ_3249,386,638,453,571
OpenCLIP,MNIST,MNIST_TRJ_3364,434,590,433,591
OpenCLIP,MNIST,MNIST_TRJ_3481,407,617,451,573
OpenCLIP,MNIST,MNIST_TRJ_3600,410,614,442,582
OpenCLIP,MNIST,MNIST_TRJ_3721,426,598,459,565
OpenCLIP,MNIST,MNIST_TRJ_3844,416,608,422,602
OpenCLIP,MNIST,MNIST_TRJ_3969,427,597,446,578
OpenCLIP,MNIST,MNIST_TRJ_4096,381,643,442,582
OpenCLIP,MNIST,MNIST_TRJ_4225,442,582,443,581
OpenCLIP,MNIST,MNIST_TRJ_4356,443,581,431,593
OpenCLIP,MNIST,MNIST_TRJ_4489,435,589,463,561
OpenCLIP,MNIST,MNIST_TRJ_4624,456,568,426,598
OpenCLIP,MNIST,MNIST_TRJ_4761,405,619,421,603
OpenCLIP,MNIST,MNIST_TRJ_4900,433,591,446,578
OpenCLIP,MNIST,MNIST_TRJ_5041,421,603,437,587
OpenCLIP,MNIST,MNIST_TRJ_5184,447,577,457,567
OpenCLIP,MNIST,MNIST_TRJ_5329,409,615,433,591
OpenCLIP,MNIST,MNIST_TRJ_5476,432,592,466,558
OpenCLIP,MNIST,MNIST_TRJ_5625,419,605,419,605
OpenCLIP,MNIST,MNIST_TRJ_5776,426,598,433,591
OpenCLIP,MNIST,MNIST_TRJ_5929,395,629,387,637
OpenCLIP,MNIST,MNIST_TRJ_6084,418,606,429,595
OpenCLIP,MNIST,MNIST_TRJ_6241,421,603,426,598
OpenCLIP,FASHION,FASHION_TRJ_324,147,877,393,631
OpenCLIP,FASHION,FASHION_TRJ_361,185,839,348,676
OpenCLIP,FASHION,FASHION_TRJ_400,149,875,386,638
OpenCLIP,FASHION,FASHION_TRJ_441,163,861,357,667
OpenCLIP,FASHION,FASHION_TRJ_484,175,849,344,680
OpenCLIP,FASHION,FASHION_TRJ_529,192,832,370,654
OpenCLIP,FASHION,FASHION_TRJ_576,180,844,351,673
OpenCLIP,FASHION,FASHION_TRJ_625,260,764,406,618
OpenCLIP,FASHION,FASHION_TRJ_676,235,789,412,612
OpenCLIP,FASHION,FASHION_TRJ_729,284,740,430,594
OpenCLIP,FASHION,FASHION_TRJ_784,315,709,415,609
OpenCLIP,FASHION,FASHION_TRJ_841,272,752,444,580
OpenCLIP,FASHION,FASHION_TRJ_900,298,726,414,610
OpenCLIP,FASHION,FASHION_TRJ_961,283,741,410,614
OpenCLIP,FASHION,FASHION_TRJ_1024,315,709,436,588
OpenCLIP,FASHION,FASHION_TRJ_1089,298,726,428,596
OpenCLIP,FASHION,FASHION_TRJ_1156,352,672,436,588
OpenCLIP,FASHION,FASHION_TRJ_1225,334,690,445,579
OpenCLIP,FASHION,FASHION_TRJ_1296,344,680,460,564
OpenCLIP,FASHION,FASHION_TRJ_1369,343,681,415,609
OpenCLIP,FASHION,FASHION_TRJ_1444,305,719,414,610
OpenCLIP,FASHION,FASHION_TRJ_1521,371,653,424,600
OpenCLIP,FASHION,FASHION_TRJ_1600,360,664,425,599
OpenCLIP,FASHION,FASHION_TRJ_1681,390,634,436,588
OpenCLIP,FASHION,FASHION_TRJ_1764,361,663,433,591
OpenCLIP,FASHION,FASHION_TRJ_1849,359,665,461,563
OpenCLIP,FASHION,FASHION_TRJ_1936,384,640,411,613
OpenCLIP,FASHION,FASHION_TRJ_2025,396,628,437,587
OpenCLIP,FASHION,FASHION_TRJ_2116,421,603,439,585
OpenCLIP,FASHION,FASHION_TRJ_2209,358,666,388,636
OpenCLIP,FASHION,FASHION_TRJ_2304,382,642,442,582
OpenCLIP,FASHION,FASHION_TRJ_2401,411,613,448,576
OpenCLIP,FASHION,FASHION_TRJ_2500,401,623,429,595
OpenCLIP,FASHION,FASHION_TRJ_2601,397,627,442,582
OpenCLIP,FASHION,FASHION_TRJ_2704,403,621,431,593
OpenCLIP,FASHION,FASHION_TRJ_2809,387,637,412,612
OpenCLIP,FASHION,FASHION_TRJ_2916,453,571,440,584
OpenCLIP,FASHION,FASHION_TRJ_3025,360,664,362,662
OpenCLIP,FASHION,FASHION_TRJ_3136,401,623,406,618
OpenCLIP,FASHION,FASHION_TRJ_3249,373,651,415,609
OpenCLIP,FASHION,FASHION_TRJ_3364,379,645,418,606
OpenCLIP,FASHION,FASHION_TRJ_3481,357,667,394,630
OpenCLIP,FASHION,FASHION_TRJ_3600,413,611,397,627
OpenCLIP,FASHION,FASHION_TRJ_3721,416,608,437,587
OpenCLIP,FASHION,FASHION_TRJ_3844,389,635,417,607
OpenCLIP,FASHION,FASHION_TRJ_3969,392,632,402,622
OpenCLIP,FASHION,FASHION_TRJ_4096,402,622,433,591
OpenCLIP,FASHION,FASHION_TRJ_4225,382,642,383,641
OpenCLIP,FASHION,FASHION_TRJ_4356,384,640,407,617
OpenCLIP,FASHION,FASHION_TRJ_4489,364,660,396,628
OpenCLIP,FASHION,FASHION_TRJ_4624,392,632,414,610
OpenCLIP,FASHION,FASHION_TRJ_4761,406,618,408,616
OpenCLIP,FASHION,FASHION_TRJ_4900,362,662,386,638
OpenCLIP,FASHION,FASHION_TRJ_5041,391,633,377,647
OpenCLIP,FASHION,FASHION_TRJ_5184,402,622,405,619
OpenCLIP,FASHION,FASHION_TRJ_5329,390,634,379,645
OpenCLIP,FASHION,FASHION_TRJ_5476,332,692,324,700
OpenCLIP,FASHION,FASHION_TRJ_5625,400,624,417,607
OpenCLIP,FASHION,FASHION_TRJ_5776,368,656,370,654
OpenCLIP,FASHION,FASHION_TRJ_5929,365,659,392,632
OpenCLIP,FASHION,FASHION_TRJ_6084,374,650,386,638
OpenCLIP,FASHION,FASHION_TRJ_6241,415,609,407,617
OpenCLIP,OTHER,MNIST_256,16,84,51,49
OpenCLIP,OTHER,MNIST_512,22,78,46,54
OpenCLIP,OTHER,MNIST_1024,37,63,47,53
OpenCLIP,OTHER,MNIST_2048,39,61,40,60
OpenCLIP,OTHER,MNIST_4096,47,53,41,59
OpenCLIP,OTHER,MNIST_8192,40,60,46,54
OpenCLIP,OTHER,FASHION_256,15,85,35,65
OpenCLIP,OTHER,FASHION_512,34,66,43,57
OpenCLIP,OTHER,FASHION_1024,34,66,40,60
OpenCLIP,OTHER,FASHION_2048,49,51,46,54
OpenCLIP,OTHER,FASHION_4096,35,65,38,62
OpenCLIP,OTHER,FASHION_8192,44,56,41,59
OpenCLIP,OTHER,CIFAR10_500,4,96,38,62
OpenCLIP,OTHER,CIFAR10_50000,42,58,52,48
OpenCLIP,OTHER,CIFAR100_500,1,99,39,61
OpenCLIP,OTHER,CIFAR100_50000,49,51,53,47
OpenCLIP,OTHER,CELEBA_SD_32,20,80,40,60
OpenCLIP,OTHER,CELEBA_SD_512,36,64,40,60
OpenCLIP,OTHER,CELEBA_SD_8192,50,50,46,54
OpenCLIP,OTHER,CELEBA_BA_32,12,88,37,63
OpenCLIP,OTHER,CELEBA_BA_512,37,63,43,57
OpenCLIP,OTHER,CELEBA_BA_8192,57,43,51,49
OpenCLIP,OTHER,METFACES,38,62,39,61
OpenCLIP,OTHER,ARTBENCH,58,42,60,40
LPIPS,MNIST,MNIST_TRJ_324,34,990,426,598
LPIPS,MNIST,MNIST_TRJ_361,68,956,428,596
LPIPS,MNIST,MNIST_TRJ_400,31,993,434,590
LPIPS,MNIST,MNIST_TRJ_441,35,989,458,566
LPIPS,MNIST,MNIST_TRJ_484,42,982,442,582
LPIPS,MNIST,MNIST_TRJ_529,49,975,447,577
LPIPS,MNIST,MNIST_TRJ_576,49,975,451,573
LPIPS,MNIST,MNIST_TRJ_625,57,967,444,580
LPIPS,MNIST,MNIST_TRJ_676,63,961,476,548
LPIPS,MNIST,MNIST_TRJ_729,70,954,468,556
LPIPS,MNIST,MNIST_TRJ_784,62,962,475,549
LPIPS,MNIST,MNIST_TRJ_841,90,934,447,577
LPIPS,MNIST,MNIST_TRJ_900,100,924,492,532
LPIPS,MNIST,MNIST_TRJ_961,96,928,503,521
LPIPS,MNIST,MNIST_TRJ_1024,129,895,494,530
LPIPS,MNIST,MNIST_TRJ_1089,141,883,497,527
LPIPS,MNIST,MNIST_TRJ_1156,150,874,518,506
LPIPS,MNIST,MNIST_TRJ_1225,162,862,522,502
LPIPS,MNIST,MNIST_TRJ_1296,179,845,526,498
LPIPS,MNIST,MNIST_TRJ_1369,193,831,536,488
LPIPS,MNIST,MNIST_TRJ_1444,227,797,551,473
LPIPS,MNIST,MNIST_TRJ_1521,251,773,543,481
LPIPS,MNIST,MNIST_TRJ_1600,260,764,571,453
LPIPS,MNIST,MNIST_TRJ_1681,286,738,565,459
LPIPS,MNIST,MNIST_TRJ_1764,296,728,592,432
LPIPS,MNIST,MNIST_TRJ_1849,314,710,559,465
LPIPS,MNIST,MNIST_TRJ_1936,344,680,562,462
LPIPS,MNIST,MNIST_TRJ_2025,358,666,609,415
LPIPS,MNIST,MNIST_TRJ_2116,376,648,565,459
LPIPS,MNIST,MNIST_TRJ_2209,420,604,598,426
LPIPS,MNIST,MNIST_TRJ_2304,410,614,616,408
LPIPS,MNIST,MNIST_TRJ_2401,435,589,598,426
LPIPS,MNIST,MNIST_TRJ_2500,447,577,617,407
LPIPS,MNIST,MNIST_TRJ_2601,468,556,625,399
LPIPS,MNIST,MNIST_TRJ_2704,451,573,577,447
LPIPS,MNIST,MNIST_TRJ_2809,483,541,596,428
LPIPS,MNIST,MNIST_TRJ_2916,501,523,594,430
LPIPS,MNIST,MNIST_TRJ_3025,465,559,618,406
LPIPS,MNIST,MNIST_TRJ_3136,495,529,597,427
LPIPS,MNIST,MNIST_TRJ_3249,474,550,612,412
LPIPS,MNIST,MNIST_TRJ_3364,494,530,585,439
LPIPS,MNIST,MNIST_TRJ_3481,480,544,564,460
LPIPS,MNIST,MNIST_TRJ_3600,505,519,586,438
LPIPS,MNIST,MNIST_TRJ_3721,539,485,611,413
LPIPS,MNIST,MNIST_TRJ_3844,530,494,576,448
LPIPS,MNIST,MNIST_TRJ_3969,543,481,607,417
LPIPS,MNIST,MNIST_TRJ_4096,533,491,576,448
LPIPS,MNIST,MNIST_TRJ_4225,510,514,597,427
LPIPS,MNIST,MNIST_TRJ_4356,554,470,605,419
LPIPS,MNIST,MNIST_TRJ_4489,559,465,607,417
LPIPS,MNIST,MNIST_TRJ_4624,534,490,628,396
LPIPS,MNIST,MNIST_TRJ_4761,541,483,600,424
LPIPS,MNIST,MNIST_TRJ_4900,538,486,604,420
LPIPS,MNIST,MNIST_TRJ_5041,539,485,617,407
LPIPS,MNIST,MNIST_TRJ_5184,570,454,609,415
LPIPS,MNIST,MNIST_TRJ_5329,556,468,587,437
LPIPS,MNIST,MNIST_TRJ_5476,587,437,613,411
LPIPS,MNIST,MNIST_TRJ_5625,545,479,615,409
LPIPS,MNIST,MNIST_TRJ_5776,564,460,618,406
LPIPS,MNIST,MNIST_TRJ_5929,542,482,579,445
LPIPS,MNIST,MNIST_TRJ_6084,550,474,588,436
LPIPS,MNIST,MNIST_TRJ_6241,562,462,607,417
LPIPS,FASHION,FASHION_TRJ_324,59,965,419,605
LPIPS,FASHION,FASHION_TRJ_361,81,943,393,631
LPIPS,FASHION,FASHION_TRJ_400,90,934,419,605
LPIPS,FASHION,FASHION_TRJ_441,82,942,381,643
LPIPS,FASHION,FASHION_TRJ_484,91,933,391,633
LPIPS,FASHION,FASHION_TRJ_529,111,913,424,600
LPIPS,FASHION,FASHION_TRJ_576,124,900,387,637
LPIPS,FASHION,FASHION_TRJ_625,170,854,434,590
LPIPS,FASHION,FASHION_TRJ_676,171,853,429,595
LPIPS,FASHION,FASHION_TRJ_729,197,827,474,550
LPIPS,FASHION,FASHION_TRJ_784,237,787,487,537
LPIPS,FASHION,FASHION_TRJ_841,242,782,485,539
LPIPS,FASHION,FASHION_TRJ_900,237,787,459,565
LPIPS,FASHION,FASHION_TRJ_961,288,736,493,531
LPIPS,FASHION,FASHION_TRJ_1024,294,730,509,515
LPIPS,FASHION,FASHION_TRJ_1089,278,746,467,557
LPIPS,FASHION,FASHION_TRJ_1156,347,677,508,516
LPIPS,FASHION,FASHION_TRJ_1225,357,667,505,519
LPIPS,FASHION,FASHION_TRJ_1296,344,680,507,517
LPIPS,FASHION,FASHION_TRJ_1369,350,674,527,497
LPIPS,FASHION,FASHION_TRJ_1444,328,696,516,508
LPIPS,FASHION,FASHION_TRJ_1521,357,667,513,511
LPIPS,FASHION,FASHION_TRJ_1600,366,658,541,483
LPIPS,FASHION,FASHION_TRJ_1681,407,617,524,500
LPIPS,FASHION,FASHION_TRJ_1764,406,618,524,500
LPIPS,FASHION,FASHION_TRJ_1849,416,608,532,492
LPIPS,FASHION,FASHION_TRJ_1936,368,656,464,560
LPIPS,FASHION,FASHION_TRJ_2025,390,634,531,493
LPIPS,FASHION,FASHION_TRJ_2116,428,596,524,500
LPIPS,FASHION,FASHION_TRJ_2209,424,600,496,528
LPIPS,FASHION,FASHION_TRJ_2304,436,588,513,511
LPIPS,FASHION,FASHION_TRJ_2401,468,556,507,517
LPIPS,FASHION,FASHION_TRJ_2500,411,613,504,520
LPIPS,FASHION,FASHION_TRJ_2601,447,577,554,470
LPIPS,FASHION,FASHION_TRJ_2704,445,579,508,516
LPIPS,FASHION,FASHION_TRJ_2809,413,611,503,521
LPIPS,FASHION,FASHION_TRJ_2916,483,541,521,503
LPIPS,FASHION,FASHION_TRJ_3025,417,607,465,559
LPIPS,FASHION,FASHION_TRJ_3136,452,572,453,571
LPIPS,FASHION,FASHION_TRJ_3249,448,576,502,522
LPIPS,FASHION,FASHION_TRJ_3364,421,603,496,528
LPIPS,FASHION,FASHION_TRJ_3481,411,613,471,553
LPIPS,FASHION,FASHION_TRJ_3600,451,573,499,525
LPIPS,FASHION,FASHION_TRJ_3721,459,565,485,539
LPIPS,FASHION,FASHION_TRJ_3844,451,573,495,529
LPIPS,FASHION,FASHION_TRJ_3969,465,559,501,523
LPIPS,FASHION,FASHION_TRJ_4096,405,619,475,549
LPIPS,FASHION,FASHION_TRJ_4225,439,585,449,575
LPIPS,FASHION,FASHION_TRJ_4356,442,582,485,539
LPIPS,FASHION,FASHION_TRJ_4489,439,585,473,551
LPIPS,FASHION,FASHION_TRJ_4624,470,554,482,542
LPIPS,FASHION,FASHION_TRJ_4761,444,580,469,555
LPIPS,FASHION,FASHION_TRJ_4900,421,603,464,560
LPIPS,FASHION,FASHION_TRJ_5041,455,569,467,557
LPIPS,FASHION,FASHION_TRJ_5184,434,590,448,576
LPIPS,FASHION,FASHION_TRJ_5329,440,584,480,544
LPIPS,FASHION,FASHION_TRJ_5476,381,643,424,600
LPIPS,FASHION,FASHION_TRJ_5625,460,564,499,525
LPIPS,FASHION,FASHION_TRJ_5776,457,567,471,553
LPIPS,FASHION,FASHION_TRJ_5929,436,588,461,563
LPIPS,FASHION,FASHION_TRJ_6084,470,554,479,545
LPIPS,FASHION,FASHION_TRJ_6241,455,569,490,534
LPIPS,OTHER,MNIST_256,3,97,48,52
LPIPS,OTHER,MNIST_512,6,94,53,47
LPIPS,OTHER,MNIST_1024,16,84,41,59
LPIPS,OTHER,MNIST_2048,37,63,65,35
LPIPS,OTHER,MNIST_4096,49,51,57,43
LPIPS,OTHER,MNIST_8192,64,36,63,37
LPIPS,OTHER,FASHION_256,5,95,42,58
LPIPS,OTHER,FASHION_512,18,82,50,50
LPIPS,OTHER,FASHION_1024,32,68,47,53
LPIPS,OTHER,FASHION_2048,48,52,54,46
LPIPS,OTHER,FASHION_4096,43,57,53,47
LPIPS,OTHER,FASHION_8192,52,48,57,43
LPIPS,OTHER,CIFAR10_500,0,100,44,56
LPIPS,OTHER,CIFAR10_50000,57,43,57,43
LPIPS,OTHER,CIFAR100_500,0,100,47,53
LPIPS,OTHER,CIFAR100_50000,48,52,54,46
LPIPS,OTHER,CELEBA_SD_32,0,100,52,48
LPIPS,OTHER,CELEBA_SD_512,8,92,48,52
LPIPS,OTHER,CELEBA_SD_8192,69,31,65,35
LPIPS,OTHER,CELEBA_BA_32,0,100,44,56
LPIPS,OTHER,CELEBA_BA_512,16,84,63,37
LPIPS,OTHER,CELEBA_BA_8192,63,37,59,41
LPIPS,OTHER,METFACES,11,89,52,48
LPIPS,OTHER,ARTBENCH,69,31,62,38
DINOv2,MNIST,MNIST_TRJ_324,109,915,260,764
DINOv2,MNIST,MNIST_TRJ_361,115,909,303,721
DINOv2,MNIST,MNIST_TRJ_400,146,878,265,759
DINOv2,MNIST,MNIST_TRJ_441,144,880,295,729
DINOv2,MNIST,MNIST_TRJ_484,140,884,290,734
DINOv2,MNIST,MNIST_TRJ_529,125,899,299,725
DINOv2,MNIST,MNIST_TRJ_576,127,897,314,710
DINOv2,MNIST,MNIST_TRJ_625,131,893,313,711
DINOv2,MNIST,MNIST_TRJ_676,143,881,321,703
DINOv2,MNIST,MNIST_TRJ_729,170,854,311,713
DINOv2,MNIST,MNIST_TRJ_784,152,872,300,724
DINOv2,MNIST,MNIST_TRJ_841,169,855,294,730
DINOv2,MNIST,MNIST_TRJ_900,165,859,354,670
DINOv2,MNIST,MNIST_TRJ_961,196,828,321,703
DINOv2,MNIST,MNIST_TRJ_1024,191,833,324,700
DINOv2,MNIST,MNIST_TRJ_1089,206,818,338,686
DINOv2,MNIST,MNIST_TRJ_1156,230,794,347,677
DINOv2,MNIST,MNIST_TRJ_1225,228,796,384,640
DINOv2,MNIST,MNIST_TRJ_1296,246,778,353,671
DINOv2,MNIST,MNIST_TRJ_1369,269,755,356,668
DINOv2,MNIST,MNIST_TRJ_1444,267,757,390,634
DINOv2,MNIST,MNIST_TRJ_1521,293,731,366,658
DINOv2,MNIST,MNIST_TRJ_1600,266,758,367,657
DINOv2,MNIST,MNIST_TRJ_1681,303,721,380,644
DINOv2,MNIST,MNIST_TRJ_1764,305,719,384,640
DINOv2,MNIST,MNIST_TRJ_1849,320,704,368,656
DINOv2,MNIST,MNIST_TRJ_1936,327,697,373,651
DINOv2,MNIST,MNIST_TRJ_2025,348,676,397,627
DINOv2,MNIST,MNIST_TRJ_2116,301,723,373,651
DINOv2,MNIST,MNIST_TRJ_2209,313,711,377,647
DINOv2,MNIST,MNIST_TRJ_2304,362,662,361,663
DINOv2,MNIST,MNIST_TRJ_2401,335,689,381,643
DINOv2,MNIST,MNIST_TRJ_2500,335,689,382,642
DINOv2,MNIST,MNIST_TRJ_2601,350,674,405,619
DINOv2,MNIST,MNIST_TRJ_2704,360,664,357,667
DINOv2,MNIST,MNIST_TRJ_2809,342,682,381,643
DINOv2,MNIST,MNIST_TRJ_2916,359,665,381,643
DINOv2,MNIST,MNIST_TRJ_3025,372,652,419,605
DINOv2,MNIST,MNIST_TRJ_3136,353,671,378,646
DINOv2,MNIST,MNIST_TRJ_3249,353,671,381,643
DINOv2,MNIST,MNIST_TRJ_3364,365,659,387,637
DINOv2,MNIST,MNIST_TRJ_3481,334,690,370,654
DINOv2,MNIST,MNIST_TRJ_3600,350,674,372,652
DINOv2,MNIST,MNIST_TRJ_3721,348,676,353,671
DINOv2,MNIST,MNIST_TRJ_3844,361,663,348,676
DINOv2,MNIST,MNIST_TRJ_3969,373,651,347,677
DINOv2,MNIST,MNIST_TRJ_4096,356,668,364,660
DINOv2,MNIST,MNIST_TRJ_4225,368,656,358,666
DINOv2,MNIST,MNIST_TRJ_4356,352,672,369,655
DINOv2,MNIST,MNIST_TRJ_4489,373,651,391,633
DINOv2,MNIST,MNIST_TRJ_4624,377,647,386,638
DINOv2,MNIST,MNIST_TRJ_4761,351,673,360,664
DINOv2,MNIST,MNIST_TRJ_4900,365,659,360,664
DINOv2,MNIST,MNIST_TRJ_5041,363,661,372,652
DINOv2,MNIST,MNIST_TRJ_5184,375,649,374,650
DINOv2,MNIST,MNIST_TRJ_5329,340,684,331,693
DINOv2,MNIST,MNIST_TRJ_5476,337,687,358,666
DINOv2,MNIST,MNIST_TRJ_5625,362,662,361,663
DINOv2,MNIST,MNIST_TRJ_5776,333,691,391,633
DINOv2,MNIST,MNIST_TRJ_5929,349,675,351,673
DINOv2,MNIST,MNIST_TRJ_6084,361,663,370,654
DINOv2,MNIST,MNIST_TRJ_6241,363,661,374,650
DINOv2,FASHION,FASHION_TRJ_324,118,906,332,692
DINOv2,FASHION,FASHION_TRJ_361,100,924,339,685
DINOv2,FASHION,FASHION_TRJ_400,118,906,356,668
DINOv2,FASHION,FASHION_TRJ_441,152,872,316,708
DINOv2,FASHION,FASHION_TRJ_484,147,877,307,717
DINOv2,FASHION,FASHION_TRJ_529,154,870,322,702
DINOv2,FASHION,FASHION_TRJ_576,168,856,296,728
DINOv2,FASHION,FASHION_TRJ_625,215,809,351,673
DINOv2,FASHION,FASHION_TRJ_676,208,816,355,669
DINOv2,FASHION,FASHION_TRJ_729,243,781,362,662
DINOv2,FASHION,FASHION_TRJ_784,289,735,358,666
DINOv2,FASHION,FASHION_TRJ_841,265,759,389,635
DINOv2,FASHION,FASHION_TRJ_900,268,756,364,660
DINOv2,FASHION,FASHION_TRJ_961,250,774,366,658
DINOv2,FASHION,FASHION_TRJ_1024,300,724,393,631
DINOv2,FASHION,FASHION_TRJ_1089,303,721,357,667
DINOv2,FASHION,FASHION_TRJ_1156,309,715,405,619
DINOv2,FASHION,FASHION_TRJ_1225,331,693,393,631
DINOv2,FASHION,FASHION_TRJ_1296,336,688,387,637
DINOv2,FASHION,FASHION_TRJ_1369,356,668,411,613
DINOv2,FASHION,FASHION_TRJ_1444,345,679,371,653
DINOv2,FASHION,FASHION_TRJ_1521,331,693,396,628
DINOv2,FASHION,FASHION_TRJ_1600,346,678,428,596
DINOv2,FASHION,FASHION_TRJ_1681,382,642,429,595
DINOv2,FASHION,FASHION_TRJ_1764,397,627,394,630
DINOv2,FASHION,FASHION_TRJ_1849,379,645,400,624
DINOv2,FASHION,FASHION_TRJ_1936,381,643,387,637
DINOv2,FASHION,FASHION_TRJ_2025,365,659,420,604
DINOv2,FASHION,FASHION_TRJ_2116,403,621,402,622
DINOv2,FASHION,FASHION_TRJ_2209,335,689,414,610
DINOv2,FASHION,FASHION_TRJ_2304,386,638,409,615
DINOv2,FASHION,FASHION_TRJ_2401,389,635,400,624
DINOv2,FASHION,FASHION_TRJ_2500,381,643,412,612
DINOv2,FASHION,FASHION_TRJ_2601,396,628,420,604
DINOv2,FASHION,FASHION_TRJ_2704,400,624,406,618
DINOv2,FASHION,FASHION_TRJ_2809,368,656,386,638
DINOv2,FASHION,FASHION_TRJ_2916,402,622,418,606
DINOv2,FASHION,FASHION_TRJ_3025,340,684,379,645
DINOv2,FASHION,FASHION_TRJ_3136,372,652,385,639
DINOv2,FASHION,FASHION_TRJ_3249,372,652,399,625
DINOv2,FASHION,FASHION_TRJ_3364,362,662,366,658
DINOv2,FASHION,FASHION_TRJ_3481,312,712,378,646
DINOv2,FASHION,FASHION_TRJ_3600,369,655,364,660
DINOv2,FASHION,FASHION_TRJ_3721,354,670,390,634
DINOv2,FASHION,FASHION_TRJ_3844,342,682,383,641
DINOv2,FASHION,FASHION_TRJ_3969,364,660,359,665
DINOv2,FASHION,FASHION_TRJ_4096,385,639,365,659
DINOv2,FASHION,FASHION_TRJ_4225,379,645,342,682
DINOv2,FASHION,FASHION_TRJ_4356,374,650,388,636
DINOv2,FASHION,FASHION_TRJ_4489,342,682,388,636
DINOv2,FASHION,FASHION_TRJ_4624,355,669,357,667
DINOv2,FASHION,FASHION_TRJ_4761,357,667,350,674
DINOv2,FASHION,FASHION_TRJ_4900,350,674,389,635
DINOv2,FASHION,FASHION_TRJ_5041,370,654,362,662
DINOv2,FASHION,FASHION_TRJ_5184,340,684,379,645
DINOv2,FASHION,FASHION_TRJ_5329,327,697,342,682
DINOv2,FASHION,FASHION_TRJ_5476,323,701,315,709
DINOv2,FASHION,FASHION_TRJ_5625,384,640,394,630
DINOv2,FASHION,FASHION_TRJ_5776,363,661,360,664
DINOv2,FASHION,FASHION_TRJ_5929,318,706,360,664
DINOv2,FASHION,FASHION_TRJ_6084,361,663,372,652
DINOv2,FASHION,FASHION_TRJ_6241,353,671,376,648
DINOv2,OTHER,MNIST_256,13,87,45,55
DINOv2,OTHER,MNIST_512,17,83,38,62
DINOv2,OTHER,MNIST_1024,19,81,30,70
DINOv2,OTHER,MNIST_2048,38,62,45,55
DINOv2,OTHER,MNIST_4096,38,62,29,71
DINOv2,OTHER,MNIST_8192,40,60,41,59
DINOv2,OTHER,FASHION_256,11,89,38,62
DINOv2,OTHER,FASHION_512,29,71,38,62
DINOv2,OTHER,FASHION_1024,38,62,45,55
DINOv2,OTHER,FASHION_2048,35,65,40,60
DINOv2,OTHER,FASHION_4096,34,66,37,63
DINOv2,OTHER,FASHION_8192,47,53,44,56
DINOv2,OTHER,CIFAR10_500,5,95,27,73
DINOv2,OTHER,CIFAR10_50000,40,60,45,55
DINOv2,OTHER,CIFAR100_500,4,96,28,72
DINOv2,OTHER,CIFAR100_50000,47,53,41,59
DINOv2,OTHER,CELEBA_SD_32,8,92,33,67
DINOv2,OTHER,CELEBA_SD_512,38,62,44,56
DINOv2,OTHER,CELEBA_SD_8192,31,69,39,61
DINOv2,OTHER,CELEBA_BA_32,9,91,34,66
DINOv2,OTHER,CELEBA_BA_512,33,67,41,59
DINOv2,OTHER,CELEBA_BA_8192,55,45,52,48
DINOv2,OTHER,METFACES,27,73,32,68
DINOv2,OTHER,ARTBENCH,42,58,41,59
